Brand,Model,km_driven,Owner,Mfg_year,Fuel_type,Mileage,Transmission,Price(lakh)
Hyundai,Creta,"28,662",First,2020,Petrol,15.29,Automatic,14.9
Skoda,Superb,"34,463",Second,2017,Petrol,14.81,Automatic,15.95
BMW,X1,"64,300",Second,2016,Diesel,FWD,BS,18.75
Mercedes-Benz,C-Class,"57,750",First,2015,Petrol,14.74,Automatic,23.85
Hyundai,Creta,"71,000",First,2019,Diesel,17.01,Automatic,15.49
Honda,Jazz,"35,755",Second,2017,Petrol,18.7,Manual,4.3
Maruti,Suzuki,"29,954",First,2016,Petrol,23.1,Automatic,4.85
Maruti,Suzuki,"29,954",First,2016,Petrol,23.1,Automatic,4.85
Volkswagen,Vento,"1,11,139",First,2018,Diesel,22.15,Automatic,7.9
BMW,5,"48,000",First,2017,Diesel,18.12,Automatic,30
Honda,City,"64,000",First,2017,Petrol,17.4,Manual,6.9
Hyundai,Creta,"28,662",First,2020,Petrol,15.29,Automatic,14.9
Tata,Safari,"10,000",First,2022,Diesel,350,704,24.85
Maruti,Suzuki,"78,232",First,2013,CNG,Manual,1475,3.06
Honda,City,"16,644",First,2021,Petrol,FWD,No,12.85
Honda,City,"73,749",First,2015,Petrol,16.8,Manual,5.31
Honda,Brio,"13,521",First,2016,Petrol,19.4,Manual,5.15
Honda,City,"20,818",First,2019,Petrol,FWD,No,8.5
Honda,City,"64,461",First,2015,Petrol,FWD,No,6.5
Honda,Brio,"13,521",First,2016,Petrol,19.4,Manual,5.15
Honda,City,"20,818",First,2019,Petrol,FWD,No,8.5
Honda,City,"64,461",First,2015,Petrol,FWD,No,6.5
Hyundai,Creta,"34,287",First,2017,Petrol,17,FWD,8.75
Honda,City,"55,232",First,2015,Petrol,FWD,No,6.6
Maruti,Suzuki,"22,168",First,2016,Petrol,21.4,Manual,5.6
Honda,City,"42,919",First,2015,Petrol,FWD,No,7.55
Honda,Jazz,"53,169",First,2015,Petrol,18.7,Manual,5.65
Honda,City,"35,856",First,2015,Petrol,FWD,No,6.9
Mercedes-Benz,GLA,"37,500",Second,2016,Diesel,FWD,BS,22.25
Maruti,Suzuki,"22,744",First,2020,Petrol,20.4,Manual,6.75
Toyota,Camry,"22,715",First,2016,Petrol,19.16,Automatic,21.99
Hyundai,Verna,"18,193",First,2012,Diesel,FWD,Turbocharged,4.25
Renault,Triber,"24,571",First,2020,Petrol,20,Manual,6.3
Renault,Triber,"24,571",First,2020,Petrol,20,Manual,6.3
Toyota,Innova,"98,370",First,2018,Diesel,15.1,Manual,18.99
Toyota,Innova,"1,10,847",First,2017,Diesel,14.29,Automatic,18.99
BMW,X1,"64,300",Second,2016,Diesel,FWD,BS,18.75
Nissan,Terrano,"84,200",First,2015,Diesel,20.5,Manual,5.75
Maruti,Suzuki,"32,000",First,2016,Diesel,24.29,Manual,8.1
Toyota,Innova,"1,44,092",First,2017,Diesel,15.1,Manual,16.25
BMW,3,"69,074",First,2013,Diesel,22.69,Automatic,13.05
Honda,Jazz,"22,080",First,2016,Petrol,18.7,Manual,5.75
Toyota,Innova,"89,595",First,2012,Diesel,11.4,4555,7.25
Honda,Jazz,"35,755",Second,2017,Petrol,18.7,Manual,4.3
Toyota,Corolla,"1,04,814",First,2014,Petrol,15.23,Manual,7.25
Toyota,Camry,"41,063",First,2017,Petrol,19.16,Automatic,23.99
Honda,City,"10,929",First,2016,Petrol,FWD,No,6.75
Honda,City,"10,929",First,2016,Petrol,FWD,No,6.75
Mahindra,Bolero,"57,275",First,2019,Diesel,15.96,Manual,7.25
Honda,Amaze,"12,000",First,2016,Petrol,15.5,Automatic,5.8
Maruti,Suzuki,"42,748",First,2014,Petrol,23.1,Automatic,3.9
Hyundai,Xcent,"71,024",First,2014,Petrol,19.1,Manual,3.33
Toyota,Camry,"92,355",First,2015,Petrol,19.16,Automatic,14.25
Maruti,Suzuki,"28,945",First,2017,Petrol,20.4,Manual,5.25
Toyota,Camry,"69,332",First,2016,Petrol,19.16,Automatic,19.99
Toyota,Corolla,"37,864",First,2017,Petrol,16.7,Automatic,13.99
Honda,Jazz,"41,166",First,2015,Petrol,18.7,Manual,4.7
Mahindra,XUV500,"45,961",First,2018,Diesel,15.1,Manual,12.99
Hyundai,Elite,"48,075",First,2017,Petrol,18.6,Manual,5.99
Toyota,Innova,"17,777",First,2021,Diesel,15.1,Manual,32
Maruti,Suzuki,"27,625",First,2020,Petrol,19.01,FWD,32
Mercedes-Benz,C-Class,"22,000",First,2018,Petrol,19.01,FWD,32
Maruti,Suzuki,"27,625",First,2020,Petrol,19.01,FWD,32
Mercedes-Benz,C-Class,"22,000",First,2018,Petrol,19.01,FWD,32
Maruti,Suzuki,"6,733",First,2021,Petrol,22,FWD,3.6
Honda,City,"91,158",First,2014,Petrol,16.8,Manual,5.1
Maruti,Suzuki,"42,500",First,2015,CNG,58,FWD,4.15
Volkswagen,Vento,"98,112",First,2015,Petrol,15.04,Manual,4.3
Honda,City,"48,132",First,2015,Petrol,FWD,No,7.25
Hyundai,Venue,"11,744",First,2020,Petrol,18.15,FWD,11.75
Nissan,Sunny,"38,732",First,2018,Petrol,17.5,Automatic,6.4
Hyundai,Elite,"62,404",First,2016,Petrol,18.6,Manual,5.95
Ford,Figo,"40,977",First,2015,Petrol,17,Automatic,4.65
Maruti,Suzuki,"23,086",First,2013,Petrol,18.5,Manual,3.25
Hyundai,Creta,"44,099",First,2017,Diesel,17.01,Automatic,11.71
Maruti,Suzuki,"43,782",First,2016,Petrol,23.1,AMT,4.95
Maruti,Suzuki,"59,371",First,2015,Diesel,FWD,Turbocharged,6.45
Hyundai,Elite,"47,752",First,2015,Petrol,18.6,Manual,5.51
Honda,City,"46,397",First,2015,Petrol,FWD,No,7.5
Nissan,Sunny,"56,011",First,2014,Petrol,17.97,Automatic,3.75
Honda,BR-V,"66,533",First,2017,Petrol,16,Automatic,8.5
Hyundai,Creta,"44,099",First,2017,Diesel,17.01,Automatic,11.71
Datsun,redi-GO,"1,387",First,2019,Petrol,22.5,Manual,3.45
Honda,City,"68,803",First,2015,Petrol,FWD,No,6.35
Honda,City,"46,397",First,2015,Petrol,FWD,No,7.5
Honda,BR-V,"66,533",First,2017,Petrol,16,Automatic,8.5
Hyundai,Elite,"47,752",First,2015,Petrol,18.6,Manual,5.51
Nissan,Sunny,"56,011",First,2014,Petrol,17.97,Automatic,3.75
Honda,Amaze,"60,298",First,2013,Petrol,15.5,Automatic,3.9
Maruti,Suzuki,"45,143",First,2016,Petrol,20.729999542236328,Manual,6.25
Maruti,Suzuki,"23,207",First,2016,Petrol,19.12,Automatic,7.15
Hyundai,Creta,"66,188",First,2017,Diesel,17.01,Automatic,11.9
Honda,City,"51,348",First,2015,Petrol,FWD,No,5.75
Maruti,Suzuki,"39,020",First,2015,Petrol,18.6,Manual,4.51
Maruti,Suzuki,"45,616",First,2015,Petrol,20.729999542236328,Manual,5.4
Maruti,Suzuki,"51,307",First,2016,Diesel,28.09,Manual,6.71
Honda,WR-V,"30,653",First,2017,Petrol,17.5,Manual,7.3
Maruti,Suzuki,"35,642",First,2016,Petrol,20.729999542236328,Manual,6.6
Honda,City,"79,831",First,2015,Petrol,FWD,No,5.75
Honda,Mobilio,"47,389",First,2015,Diesel,24.2,Manual,6.11
Hyundai,Creta,"22,384",First,2017,Petrol,15.29,Automatic,11.75
Honda,City,"50,681",First,2018,Petrol,FWD,No,7.5
Honda,City,"50,395",First,2016,Petrol,FWD,No,8.45
Tata,Nexon,"15,981",First,2018,Petrol,17.88,Manual,7.75
Hyundai,Grand,"22,405",First,2017,Petrol,19.77,Manual,4.65
Datsun,redi-GO,"1,387",First,2019,Petrol,22.5,Manual,3.45
Honda,City,"68,803",First,2015,Petrol,FWD,No,6.35
Tata,Nexon,"15,981",First,2018,Petrol,17.88,Manual,7.75
Hyundai,Grand,"22,405",First,2017,Petrol,19.77,Manual,4.65
Maruti,Suzuki,"39,922",First,2016,Petrol,23.1,AMT,4.1
Hyundai,Elite,"28,540",First,2018,Petrol,19.8,Manual,7.15
Hyundai,Grand,"29,964",First,2017,Petrol,18.9,Manual,5.75
Maruti,Suzuki,"59,662",First,2016,Diesel,24.29,Manual,8.21
Hyundai,i20,"32,021",First,2018,Petrol,17.19,Manual,6.11
Hyundai,Grand,"19,593",First,2017,Petrol,19.77,Manual,5.75
Maruti,Suzuki,"41,624",First,2021,CNG,16.2,Manual,6.21
Volkswagen,Polo,"61,101",First,2015,Petrol,16.47,Manual,4.21
Maruti,Suzuki,"44,811",First,2018,Petrol,20.73,Manual,8.25
Maruti,Suzuki,"69,051",First,2016,Petrol,20.4,Manual,5.11
Hyundai,Grand,"33,225",First,2016,Petrol,18.9,Automatic,5.25
Mahindra,XUV500,"87,499",First,2015,Diesel,15.1,Manual,8.11
Hyundai,Grand,"30,399",First,2016,Petrol,16.95,Automatic,5.65
Ford,EcoSport,"47,253",First,2017,Diesel,23,Manual,7.75
Volkswagen,Vento,"92,194",Second,2015,Petrol,18.19,Automatic,5.25
Honda,Jazz,"53,145",First,2015,Petrol,18.7,Manual,5.11
Hyundai,Grand,"55,215",First,2018,Petrol,18.9,Manual,5.35
Maruti,Suzuki,"42,141",First,2017,Petrol,20.73,Manual,7.25
Jaguar,XJ,"65,000",First,2015,Diesel,12.9,Automatic,36.75
Hyundai,Grand,"55,215",First,2018,Petrol,18.9,Manual,5.35
Maruti,Suzuki,"42,141",First,2017,Petrol,20.73,Manual,7.25
Jaguar,XJ,"65,000",First,2015,Diesel,12.9,Automatic,36.75
Mercedes-Benz,CLA,"28,000",Second,2016,Petrol,FWD,Turbocharged,17.5
Honda,City,"35,000",First,2016,Petrol,FWD,No,7.95
Honda,Amaze,"6,000",First,2020,Petrol,19,Automatic,8.85
Skoda,Octavia,"54,000",First,2015,Diesel,19.3,Automatic,12.5
Hyundai,Creta,"28,000",First,2018,Petrol,15.29,Automatic,13.35
Skoda,Superb,"41,000",First,2013,Petrol,13.1,Automatic,6.4
Volkswagen,Jetta,"58,000",First,2014,Diesel,16.96,Automatic,9.25
Hyundai,Verna,"13,000",First,2019,Petrol,FWD,No,10.9
Ford,Endeavour,"24,000",First,2018,Diesel,10.91,Automatic,32
Skoda,Kodiaq,"42,000",First,2018,Diesel,2791,1826,32
Skoda,Octavia,"47,000",First,2015,Petrol,14.7,Automatic,10.25
Mercedes-Benz,CLA,"29,000",First,2019,Diesel,FWD,Turbocharged,29
Mahindra,XUV700,"7,000",First,2021,Petrol,FWD,BS,25.5
Hyundai,Elite,"12,000",First,2019,Petrol,19.8,Automatic,7.35
Hyundai,Elantra,"25,000",First,2014,Petrol,16.3,Automatic,6.85
Skoda,Kushaq,"1,500",First,2022,Petrol,17.2,FWD,17.5
Hyundai,Creta,"28,000",First,2018,Petrol,15.29,Automatic,13.35
Ford,Endeavour,"24,000",First,2018,Diesel,10.91,Automatic,32
Skoda,Kodiaq,"42,000",First,2018,Diesel,2791,1826,32
Volkswagen,Jetta,"58,000",First,2014,Diesel,16.96,Automatic,9.25
Hyundai,Verna,"13,000",First,2019,Petrol,FWD,No,10.9
Mercedes-Benz,CLA,"28,000",Second,2016,Petrol,FWD,Turbocharged,17.5
Skoda,Octavia,"47,000",First,2015,Petrol,14.7,Automatic,10.25
Mercedes-Benz,CLA,"29,000",First,2019,Diesel,FWD,Turbocharged,29
BMW,5,"35,500",First,2018,Petrol,15.56,Automatic,45.5
Mercedes-Benz,S-Class,"17,500",First,2019,Petrol,Automatic,Turbocharged,45.5
Mercedes-Benz,E-Class,"8,000",First,2022,Diesel,12.06,Automatic,82
MINI,Cooper,"22,000",First,2020,Petrol,FWD,3821,48.75
Kia,Carnival,"21,000",First,2020,Diesel,13.9,FWD,35.75
Tata,Safari,"19,000",First,2021,Diesel,350,807,21.9
Mahindra,XUV500,"1,07,169",First,2016,Diesel,13.85,Automatic,11.25
Mahindra,Thar,"9,000",First,2021,Petrol,4WD,BS,16.45
Renault,Duster,"49,000",First,2015,Diesel,19.01,Manual,6.4
Audi,Q3,"65,000",Second,2017,Diesel,15.77,Automatic,6.4
Mahindra,Thar,"9,000",First,2021,Petrol,4WD,BS,16.45
Audi,Q3,"65,000",Second,2017,Diesel,15.77,Automatic,16.45
Renault,Duster,"49,000",First,2015,Diesel,19.01,Manual,6.4
Tata,Harrier,"30,000",First,2021,Diesel,14.6,FWD,22.51
Mercedes-Benz,B-Class,"43,500",First,2015,Diesel,FWD,Turbocharged,14.5
Mercedes-Benz,GLA,"44,800",First,2016,Diesel,FWD,Turbocharged,22.5
Mercedes-Benz,S-Class,"45,000",First,2012,Petrol,Automatic,Idle,19.5
Maruti,Suzuki,"48,549",First,2016,Petrol,23.1,AMT,4.45
MINI,Cooper,"22,000",First,2020,Petrol,FWD,3821,48.75
Land,Rover,"24,000",Second,2018,Diesel,AWD,Turbocharged,2.18
Hyundai,Grand,"28,000",Second,2014,Petrol,16.95,Automatic,4.9
Audi,A6,"47,864",First,2016,Petrol,Automatic,Idle,29.5
Audi,Q3,"32,551",Second,2017,Petrol,FWD,BS,29.5
Audi,A4,"53,401",First,2017,Diesel,FWD,BS,29.9
Maruti,Suzuki,"80,176",First,2012,CNG,Manual,1475,3.11
Volkswagen,Vento,"79,676",First,2012,Diesel,Manual,1475,3.11
Renault,Duster,"57,660",First,2012,Diesel,20.45,Manual,4.75
Jeep,Compass,"28,111",First,2019,Petrol,FWD,BS,18.25
Volkswagen,Vento,"79,676",First,2012,Diesel,FWD,BS,18.25
Renault,Duster,"57,660",First,2012,Diesel,20.45,Manual,4.75
Jeep,Compass,"28,111",First,2019,Petrol,FWD,BS,18.25
Audi,A4,"53,400",First,2017,Diesel,FWD,BS,29.9
Audi,Q3,"32,551",Second,2017,Petrol,FWD,BS,29.9
Audi,Q5,"20,805",First,2018,Diesel,FWD,BS,29.9
BMW,X5,"1,03,000",Third,2015,Diesel,15.97,Automatic,27.5
Toyota,Etios,"68,000",First,2012,Petrol,17.57,Manual,3.75
Maruti,Suzuki,"24,000",First,2015,CNG,22.74,Manual,3.65
BMW,3,"39,000",First,2018,Diesel,RWD,Turbocharged,39
BMW,5,"48,000",Second,2018,Diesel,14.69,Automatic,48
Hyundai,Verna,"39,000",First,2014,Petrol,FWD,No,4.9
BMW,5,"71,000",First,2013,Diesel,14.69,Automatic,22.5
Audi,Q8,"15,000",First,2020,Petrol,335,9.8,1.11
Mahindra,Thar,"9,000",Second,2021,Petrol,4WD,BS,16.45
Honda,BR-V,"61,228",First,2016,Petrol,16,Automatic,8.5
Hyundai,Creta,"82,000",First,2018,Diesel,17.01,Automatic,13.4
Mahindra,Thar,"9,000",Second,2021,Petrol,4WD,BS,16.45
Honda,BR-V,"61,228",First,2016,Petrol,16,Automatic,8.5
Hyundai,Creta,"82,000",First,2018,Diesel,17.01,Automatic,13.4
Volkswagen,Polo,"62,345",First,2016,Petrol,16.47,Manual,5.45
Hyundai,Creta,"18,000",First,2020,Petrol,17,FWD,18.9
Maruti,Suzuki,"54,000",First,2012,Petrol,19.1,Manual,3.95
Mercedes-Benz,S-Class,"32,500",First,2014,Diesel,19.1,Manual,3.95
Skoda,Kodiaq,"25,000",First,2017,Diesel,2791,1799,3.95
Mercedes-Benz,GLE,"28,000",First,2017,Diesel,Automatic,Turbocharged,52
Mercedes-Benz,C-Class,"9,000",First,2021,Diesel,RWD,BS,52
BMW,X5,"49,400",First,2015,Diesel,15.97,Automatic,34.5
Volkswagen,Tiguan,"52,000",Second,2017,Diesel,16.65,Automatic,22.9
Skoda,Kodiaq,"36,000",First,2018,Diesel,2791,1799,22.9
Audi,A6,"11,000",First,2021,Petrol,241,14,63
Porsche,Cayenne,"10,000",First,2019,Petrol,AWD,Idle,1.25
Toyota,Camry,"36,500",First,2017,Petrol,19.16,Automatic,24.75
Hyundai,Creta,"18,000",First,2020,Petrol,17,FWD,18.9
Audi,Q5,"20,805",First,2018,Diesel,17,FWD,18.9
Audi,A4,"33,400",First,2018,Petrol,FWD,BS,30.5
Toyota,Camry,"36,500",First,2017,Petrol,19.16,Automatic,24.75
Hyundai,Creta,"18,000",First,2020,Petrol,17,FWD,18.9
Audi,Q5,"20,805",First,2018,Diesel,17,FWD,18.9
Audi,A4,"33,400",First,2018,Petrol,FWD,BS,30.5
Mercedes-Benz,M-Class,"65,000",Second,2012,Diesel,8.2,Automatic,19.75
BMW,5,"52,350",First,2013,Diesel,18.48,Automatic,13.95
Mercedes-Benz,S-Class,"70,000",First,2012,Diesel,18.48,Automatic,13.95
Mercedes-Benz,E-Class,"55,000",Second,2015,Diesel,14.2,Automatic,20.5
Audi,A6,"48,600",Second,2012,Petrol,14.2,Automatic,20.5
Mercedes-Benz,GLC,"61,000",First,2017,Petrol,AWD,BS,38.5
Hyundai,Elantra,"45,000",Second,2016,Petrol,16.3,Manual,8.9
BMW,3,"14,697",First,2020,Diesel,RWD,Turbocharged,45
Land,Rover,"7,000",First,2021,Diesel,13.1,AWD,45
Toyota,Innova,"85,000",First,2016,Diesel,14.29,Automatic,17.9
Volkswagen,Vento,"44,000",First,2016,Petrol,18.19,Automatic,6.95
BMW,X5,"24,000",First,2017,Petrol,11.33,Automatic,49.5
Jeep,Compass,"23,000",First,2018,Petrol,FWD,BS,15.25
Jeep,Compass,"32,000",First,2018,Petrol,FWD,BS,15.25
Audi,A4,"42,000",First,2017,Petrol,FWD,BS,24.75
Jeep,Compass,"32,000",First,2018,Petrol,FWD,BS,15.25
BMW,X5,"24,000",First,2017,Petrol,11.33,Automatic,49.5
Renault,Duster,"74,094",First,2012,Diesel,20.45,Manual,4
Maruti,Suzuki,"40,840",First,2016,Diesel,23.65,Manual,7
BMW,3,"14,697",First,2020,Diesel,RWD,Turbocharged,45
Land,Rover,"7,000",First,2021,Diesel,13.1,AWD,45
Toyota,Camry,"36,500",First,2017,Petrol,19.16,Automatic,24.75
Hyundai,i10,"79,270",First,2013,Petrol,20.63,Manual,2.99
MG,ZS,"21,000",First,2021,Electric,FWD,BS,22.9
MG,ZS,"9,000",First,2021,Electric,FWD,BS,24.35
Hyundai,Creta,"51,000",First,2017,Diesel,17.01,Automatic,12.51
Land,Rover,"39,220",First,2019,Petrol,Automatic,4879,1.32
BMW,Z4,"7,000",Second,2016,Petrol,10.37,Automatic,55
Hyundai,Elantra,"32,000",First,2017,Petrol,14.59,Automatic,11.65
Audi,A8,"68,000",First,2012,Diesel,15.5,Automatic,23.75
Hyundai,Elite,"1,66,531",First,2015,Diesel,22.54,Manual,6.25
Hyundai,Elite,"1,66,531",First,2015,Diesel,22.54,Manual,6.25
Land,Rover,"39,220",First,2019,Petrol,Automatic,4879,1.32
Mercedes-Benz,CLA,"42,000",First,2016,Petrol,FWD,Turbocharged,21.25
Mercedes-Benz,GLE,"46,000",First,2016,Diesel,Automatic,Turbocharged,42.75
Mercedes-Benz,GLC,"20,000",First,2021,Petrol,194,12.8,64
MG,ZS,"9,000",First,2021,Electric,FWD,BS,24.35
Hyundai,Creta,"73,000",First,2018,Petrol,15.29,Automatic,11.5
MG,ZS,"21,000",First,2021,Electric,FWD,BS,22.9
Jeep,Compass,"25,000",First,2017,Petrol,FWD,BS,14.25
Audi,Q2,"19,000",First,2020,Petrol,188,15.3,30.5
Audi,A3,"40,500",First,2016,Diesel,FWD,Turbocharged,22.25
Mercedes-Benz,GLE,"51,000",Second,2016,Diesel,Automatic,Turbocharged,39.5
Kia,Seltos,"9,000",First,2019,Petrol,16.5,Automatic,39.5
Mercedes-Benz,GLA,"32,000",Second,2018,Diesel,FWD,BS,26.5
Mahindra,XUV700,"12,000",First,2022,Diesel,FWD,BS,27.8
Hyundai,Grand,"43,000",First,2013,Petrol,18.9,Manual,3.75
Maruti,Suzuki,"63,989",First,2012,Petrol,18.6,Manual,3.4
Honda,City,"49,419",Second,2016,Petrol,FWD,No,7.5
Kia,Seltos,"9,000",First,2019,Petrol,16.5,Automatic,7.5
Mercedes-Benz,GLE,"51,000",Second,2016,Diesel,Automatic,Turbocharged,39.5
Hyundai,Creta,"76,000",First,2018,Diesel,21.38,Manual,10.25
Hyundai,Elite,"33,647",First,2018,Petrol,19.8,Automatic,7.9
Audi,A4,"30,000",First,2018,Petrol,FWD,BS,33
Mercedes-Benz,GLA,"32,000",Second,2018,Diesel,FWD,BS,26.5
Hyundai,Creta,"31,000",First,2018,Petrol,15.29,Automatic,13.25
Volkswagen,Polo,"48,000",First,2015,Petrol,16.47,Manual,4.65
Jeep,Compass,"27,000",First,2019,Petrol,FWD,BS,19.55
Maruti,Suzuki,"33,000",First,2019,Petrol,17.99,FWD,19.55
BMW,3,"50,000",First,2014,Diesel,18.88,Automatic,16.75
Hyundai,Elite,"48,000",Second,2018,Petrol,19.8,Automatic,6.45
Jeep,Compass,"27,000",First,2019,Petrol,FWD,BS,19.55
Maruti,Suzuki,"33,000",First,2019,Petrol,17.99,FWD,19.55
BMW,3,"50,000",First,2014,Diesel,18.88,Automatic,16.75
Hyundai,Elite,"48,000",Second,2018,Petrol,19.8,Automatic,6.45
Audi,Q7,"35,000",First,2019,Diesel,14.75,Automatic,6.45
Maruti,Suzuki,"18,200",First,2020,Petrol,20.52,FWD,6.45
Honda,City,"61,097",First,2013,Petrol,15.6,Automatic,4.9
Audi,Q2,"19,000",First,2020,Petrol,188,15.3,30.5
Audi,A3,"40,500",First,2016,Diesel,FWD,Turbocharged,22.25
Audi,A3,"22,756",First,2019,Diesel,FWD,Turbocharged,26.95
Audi,A4,"73,560",First,2018,Diesel,FWD,BS,29.75
Audi,A3,"15,530",First,2019,Diesel,FWD,Turbocharged,29
Audi,Q3,"48,800",Second,2017,Petrol,FWD,BS,29
Skoda,Superb,"34,463",Second,2017,Petrol,14.81,Automatic,15.95
Audi,Q3,"48,803",First,2017,Petrol,FWD,BS,15.95
Jeep,Compass,"24,500",First,2021,Diesel,17.1,AWD,31.9
Mercedes-Benz,S-Class,"40,000",First,2015,Diesel,Automatic,Idle,54
Honda,City,"42,499",First,2018,Petrol,FWD,No,9.25
Mercedes-Benz,S-Class,"40,000",First,2015,Diesel,Automatic,Idle,54
Honda,City,"42,499",First,2018,Petrol,FWD,No,9.25
Hyundai,Creta,"41,949",First,2017,Petrol,15.29,Automatic,10.95
Audi,A4,"43,500",Second,2017,Diesel,FWD,BS,26.3
Mahindra,XUV500,"79,000",Second,2013,Diesel,16,Manual,5.95
MG,Hector,"45,000",First,2019,Diesel,17.41,Manual,16.9
Mercedes-Benz,E-Class,"39,000",Second,2014,Petrol,12.06,Automatic,18.75
Mercedes-Benz,CLA,"42,000",First,2016,Petrol,FWD,Turbocharged,21.25
Toyota,Corolla,"46,000",Second,2015,Petrol,16.7,Manual,7.65
Mahindra,Thar,"17,700",First,2020,Diesel,4WD,BS,15.21
Skoda,Octavia,"45,000",Second,2015,Petrol,14.7,Automatic,8.9
Hyundai,Verna,"31,000",Second,2016,Petrol,FWD,No,6.35
Honda,CR-V,"45,500",First,2019,Petrol,13.7,Automatic,24.75
Audi,Q3,"45,000",Second,2014,Diesel,15.77,Automatic,16.9
Hyundai,Verna,"31,000",Second,2016,Petrol,FWD,No,6.35
Honda,CR-V,"45,500",First,2019,Petrol,13.7,Automatic,24.75
Audi,Q3,"45,000",Second,2014,Diesel,15.77,Automatic,16.9
BMW,X5,"60,000",First,2016,Diesel,AWD,4886,47
Skoda,Superb,"63,221",First,2017,Petrol,14.81,Automatic,15.5
BMW,X3,"45,000",First,2019,Diesel,16.55,Automatic,15.5
Audi,A6,"43,000",First,2016,Diesel,16.66,Automatic,27.75
Hyundai,Creta,"50,000",First,2019,Petrol,15.29,Automatic,13.99
Hyundai,i10,"40,714",First,2013,Petrol,16.95,Automatic,3.95
Volkswagen,Tiguan,"56,000",Second,2017,Diesel,16.65,Automatic,22.9
Maruti,Suzuki,"38,702",First,2012,Petrol,20.5,Manual,2.85
Hyundai,Alcazar,"24,000",First,2021,Petrol,14.2,FWD,21.4
Jaguar,XE,"42,000",First,2017,Petrol,13.06,Automatic,24.25
Hyundai,Alcazar,"4,600",First,2022,Diesel,250,905,23.25
Hyundai,Alcazar,"24,000",First,2021,Petrol,14.2,FWD,21.4
Jaguar,XE,"42,000",First,2017,Petrol,13.06,Automatic,24.25
Hyundai,Alcazar,"4,600",First,2022,Diesel,250,905,23.25
Audi,A3,"15,530",First,2019,Diesel,FWD,Turbocharged,29
Honda,City,"44,415",First,2017,Petrol,18,Automatic,7.95
Renault,Kwid,"9,986",First,2018,Petrol,24.04,AMT,3.95
Maruti,Suzuki,"44,383",First,2016,Petrol,20.51,Manual,3.95
Hyundai,Verna,"52,000",First,2015,Petrol,FWD,4370,6.9
Mercedes-Benz,M-Class,"75,000",First,2014,Diesel,15.26,Automatic,25.5
Mercedes-Benz,GLA,"51,000",First,2017,Petrol,FWD,BS,22.5
Honda,Amaze,"21,087",First,2015,Petrol,17.8,Manual,4.75
Honda,Amaze,"58,091",First,2017,Petrol,17.8,Manual,5.45
Mercedes-Benz,B-Class,"41,000",First,2016,Petrol,14.8,Automatic,15.75
Maruti,Suzuki,"17,872",First,2016,Petrol,20.729999542236328,Manual,6.55
Audi,S5,"11,000",First,2018,Petrol,349,10.6,72
Mercedes-Benz,CLA,"33,600",First,2017,Petrol,FWD,BS,25.5
Audi,Q7,"78,000",Second,2016,Diesel,14.75,Automatic,25.5
Ford,Endeavour,"27,000",First,2018,Diesel,12.62,Automatic,29.95
Mercedes-Benz,CLA,"33,600",First,2017,Petrol,FWD,BS,25.5
Audi,S5,"11,000",First,2018,Petrol,349,10.6,72
Audi,Q7,"78,000",Second,2016,Diesel,14.75,Automatic,72
Mercedes-Benz,GLA,"64,000",Second,2016,Diesel,FWD,BS,19.25
Maruti,Suzuki,"46,993",First,2017,Petrol,19.12,Automatic,7.5
Renault,Kwid,"9,986",First,2018,Petrol,24.04,AMT,3.95
Honda,City,"44,415",First,2017,Petrol,18,Automatic,7.95
Maruti,Suzuki,"44,383",First,2016,Petrol,20.51,Manual,3.95
Hyundai,Grand,"9,759",First,2016,Petrol,16.95,Automatic,5.95
Volkswagen,Polo,"34,000",Second,2015,Petrol,16.47,Manual,4.75
Toyota,Corolla,"29,000",First,2018,Petrol,16.7,Automatic,14.75
Maruti,Suzuki,"58,000",Second,2014,Petrol,19,Manual,2.6
Hyundai,Creta,"60,000",First,2017,Petrol,15.29,Automatic,10.45
Honda,City,"60,382",First,2017,Petrol,18,Automatic,9
Hyundai,Elite,"37,657",First,2018,Petrol,19.8,Manual,7.05
Maruti,Suzuki,"18,000",First,2020,Petrol,20.4,Manual,6.75
Hyundai,Elite,"37,657",First,2018,Petrol,19.8,Manual,7.05
Hyundai,Creta,"60,000",First,2017,Petrol,15.29,Automatic,10.45
Honda,City,"60,382",First,2017,Petrol,18,Automatic,9
Honda,City,"37,632",First,2018,Petrol,FWD,No,8.25
Maruti,Suzuki,"36,191",Second,2014,Petrol + CNG,20.5,Manual,3.5
Hyundai,Santro,"13,208",First,2019,Petrol,FWD,BS,5.25
Renault,Triber,"24,430",First,2020,Petrol,18.2,FWD,7.25
Audi,Q5,"39,900",First,2018,Diesel,18.2,FWD,7.25
Audi,A4,"70,354",First,2013,Petrol,8.96,Automatic,13.95
Honda,City,"45,000",First,2020,Petrol,18,FWD,14.5
Hyundai,Creta,"11,000",First,2020,Petrol,17,FWD,17.45
Hyundai,Venue,"27,000",First,2020,Petrol,17.8,FWD,10.55
Volkswagen,Tiguan,"25,000",First,2021,Petrol,10.87,4WD,33.75
Hyundai,Verna,"22,000",First,2018,Petrol,FWD,No,9.55
BMW,7,"28,000",First,2017,Diesel,16.77,Automatic,68.95
Honda,Brio,"31,584",First,2012,Petrol,16.77,Automatic,68.95
BMW,X5,"26,000",First,2016,Diesel,AWD,4886,49
Land,Rover,"38,648",First,2020,Petrol,Automatic,4797,86
Mercedes-Benz,GLA,"43,000",Second,2018,Diesel,FWD,BS,26.5
Hyundai,Verna,"22,911",First,2018,Petrol,FWD,No,7.95
BMW,7,"62,000",First,2015,Diesel,11.1,Automatic,34.75
Hyundai,i10,"26,916",Second,2012,Petrol,20.63,Manual,2.5
Mercedes-Benz,E-Class,"32,500",First,2021,Diesel,12.06,Automatic,74.5
Hyundai,Grand,"53,150",Second,2015,Petrol,16.95,Automatic,4.99
Volkswagen,Polo,"53,000",First,2014,Petrol,16.47,Manual,4.58
Isuzu,D-MAX,"49,000",First,2018,Diesel,Manual,5295,16.25
Hyundai,Grand,"25,000",Second,2014,Petrol,18.9,Manual,3.6
Volkswagen,Polo,"53,000",First,2014,Petrol,16.47,Manual,4.58
Mercedes-Benz,GLA,"43,000",Second,2018,Diesel,FWD,BS,26.5
Hyundai,Grand,"25,000",Second,2014,Petrol,18.9,Manual,3.6
Isuzu,D-MAX,"49,000",First,2018,Diesel,Manual,5295,16.25
Honda,City,"36,500",Second,2017,Petrol,18,Automatic,8.9
Ford,Mustang,"8,500",First,2018,Petrol,7.9,Automatic,85
BMW,3,"35,000",First,2020,Diesel,188,20.3,45
Honda,Jazz,"38,578",First,2016,Petrol,19,Automatic,5.5
Hyundai,Creta,"42,027",First,2018,Diesel,21.38,Manual,9.5
Hyundai,Creta,"40,003",First,2016,Petrol,15.29,Manual,8.5
Hyundai,Creta,"44,672",First,2017,Petrol,15.29,Automatic,10.99
Audi,Q3,"48,000",First,2015,Diesel,15.77,Automatic,21
Audi,A6,"38,910",First,2017,Diesel,16.66,Automatic,34
Audi,A6,"47,864",First,2016,Petrol,Automatic,Idle,29.5
Maruti,Suzuki,"58,000",Second,2014,Petrol,16.02,Manual,6.4
Hyundai,Creta,"33,000",First,2019,Petrol,15.29,Automatic,14.25
Hyundai,Creta,"33,000",First,2019,Petrol,15.29,Automatic,14.25
Honda,City,"24,500",First,2017,Petrol,18,Automatic,8.75
Honda,Amaze,"31,958",First,2018,Petrol,19.5,Manual,6.65
Honda,Amaze,"4,900",First,2020,Petrol,18.1,Automatic,9.25
Jeep,Compass,"46,000",First,2019,Petrol,FWD,BS,18.95
Land,Rover,"52,501",Second,2017,Diesel,4WD,Yes,37.75
Audi,A3,"23,766",First,2016,Petrol,FWD,Turbocharged,19.75
Mercedes-Benz,GLA,"25,000",Second,2017,Diesel,FWD,Turbocharged,24.5
BMW,7,"61,000",Second,2016,Diesel,11.1,Automatic,52
Honda,City,"4,275",First,2021,Petrol,FWD,No,14.85
Audi,A6,"26,700",Second,2012,Petrol,FWD,No,14.85
BMW,7,"61,000",Second,2016,Diesel,11.1,Automatic,52
Honda,City,"4,275",First,2021,Petrol,FWD,No,14.85
Audi,A6,"26,700",Second,2012,Petrol,FWD,No,14.85
BMW,7,"40,000",First,2017,Diesel,11.1,Automatic,74.5
Maruti,Suzuki,"61,305",First,2015,Petrol,19.12,Automatic,5.55
BMW,X1,"30,000",Second,2020,Diesel,RWD,Turbocharged,34.75
Maruti,Suzuki,"18,920",First,2017,Petrol,20.5,Manual,3.95
Audi,Q7,"49,000",First,2018,Diesel,14.75,Automatic,3.95
Audi,A3,"22,754",First,2019,Petrol,FWD,BS,26.95
Audi,Q5,"72,701",First,2018,Diesel,FWD,BS,26.95
Mercedes-Benz,C-Class,"12,142",First,2021,Petrol,201,RWD,26.95
Jeep,Compass,"27,000",First,2019,Petrol,FWD,BS,16.99
Audi,Q5,"72,701",First,2018,Diesel,FWD,BS,16.99
Mercedes-Benz,C-Class,"12,142",First,2021,Petrol,201,RWD,16.99
Land,Rover,"52,501",Second,2017,Diesel,4WD,Yes,37.75
Mercedes-Benz,C-Class,"12,144",First,2021,Petrol,201,RWD,37.75
Mercedes-Benz,C-Class,"10,452",First,2021,Petrol,201,RWD,37.75
Audi,A3,"35,109",First,2017,Diesel,FWD,Turbocharged,21.95
Audi,Q5,"72,833",First,2018,Diesel,FWD,Turbocharged,21.95
Audi,A6,"54,000",Second,2017,Diesel,16.66,Automatic,25.3
Jaguar,XF,"47,000",Second,2016,Diesel,13.53,Automatic,21
Cars,in,"47,000",Second,2016,Diesel,13.53,Automatic,21
Mercedes-Benz,B-Class,"39,000",Second,2014,Petrol,14.8,Automatic,11.5
Audi,A6[2011-2015],"53,700",Second,2014,Diesel,16.66,Automatic,16.5
Mercedes-Benz,C-Class,"50,000",First,2016,Diesel,19.27,Automatic,25.5
Mercedes-Benz,B-Class,"57,000",First,2016,Petrol,14.8,Automatic,16.5
Audi,A6[2011-2015],"51,271",Second,2013,Diesel,16.66,Automatic,15
Audi,A6[2011-2015],"51,271",Second,2013,Diesel,16.66,Automatic,15
Hyundai,Verna,"53,917",Second,2013,Petrol,FWD,4370,4.95
Mercedes-Benz,C-Class,"13,075",First,2021,Petrol,201,RWD,4.95
Mercedes-Benz,C-Class,"13,075",First,2021,Petrol,201,RWD,4.95
Maruti,Suzuki,"56,000",First,2017,Petrol,21.4,Manual,6.1
Honda,City,"47,978",First,2019,Petrol,FWD,No,7.95
Toyota,Corolla,"1,02,000",Second,2012,Diesel,21.45,Manual,7.95
Ford,EcoSport,"1,23,472",First,2013,Petrol,15.8,Manual,3.4
Audi,A4,"70,354",First,2013,Petrol,12,Automatic,13.95
Ford,EcoSport,"1,23,472",First,2013,Petrol,15.8,Manual,3.4
Audi,A4,"70,354",First,2013,Petrol,12,Automatic,13.95
Mercedes-Benz,C-Class,"84,000",First,2016,Diesel,19.27,Automatic,25.95
Audi,A3,"23,766",First,2016,Petrol,FWD,Turbocharged,19.75
Mahindra,Thar,"17,000",First,2021,Diesel,4WD,BS,15.75
Hyundai,Creta,"79,698",First,2018,Diesel,17.01,Automatic,13.5
Maruti,Suzuki,"61,668",First,2014,CNG,58,FWD,3.95
Maruti,Suzuki,"65,235",First,2014,Petrol,20.729999542236328,Manual,5
Hyundai,Creta,"45,755",First,2017,Petrol,15.29,Manual,8
Maruti,Suzuki,"64,928",First,2016,Petrol,20.4,Manual,5.25
Maruti,Suzuki,"79,586",First,2016,Diesel,24.29,Manual,7.5
Maruti,Suzuki,"64,928",First,2016,Petrol,20.4,Manual,5.25
Maruti,Suzuki,"79,586",First,2016,Diesel,24.29,Manual,7.5
Mahindra,Thar,"8,519",First,2021,Petrol,4WD,BS,15.35
Maruti,Suzuki,"81,237",First,2017,CNG,32.26,Manual,15.35
Maruti,Suzuki,"49,476",First,2019,Petrol,21.21,AMT,7.25
Skoda,Superb,"63,264",First,2014,Petrol,13.1,Automatic,7.75
Honda,Jazz,"13,908",Second,2017,Petrol,19,Automatic,6.75
Porsche,Cayenne,"81,000",Second,2012,Petrol,34,AWD,32
Mercedes-Benz,C-Class,"46,000",Second,2017,Diesel,19.27,Automatic,27.5
BMW,3,"48,000",First,2017,Petrol,RWD,Turbocharged,28.5
BMW,3,"48,000",First,2017,Diesel,21.76,Automatic,28.5
Maruti,Suzuki,"38,000",First,2014,Petrol,20.5,Manual,3.4
Hyundai,Creta,"38,000",First,2017,Petrol,15.29,Manual,8.5
Volkswagen,Vento,"94,551",First,2013,Diesel,20.5,Manual,3.5
Audi,A4,"73,560",First,2018,Diesel,FWD,BS,29.75
Audi,A4,"33,400",First,2018,Petrol,FWD,BS,30.5
Hyundai,Creta,"38,000",First,2017,Petrol,15.29,Manual,8.5
Volkswagen,Vento,"94,551",First,2013,Diesel,20.5,Manual,3.5
Audi,A4,"73,560",First,2018,Diesel,FWD,BS,29.75
Audi,A4,"33,400",First,2018,Petrol,FWD,BS,30.5
Honda,City,"19,171",First,2019,Petrol,FWD,No,9.45
Honda,Jazz,"41,505",First,2015,Petrol,18.7,Manual,4.65
Hyundai,Grand,"53,000",First,2016,Petrol,16.95,Automatic,4.85
Honda,City,150,First,2022,Petrol,18,FWD,21
Audi,Q3,"56,000",Second,2015,Diesel,15.77,Automatic,18.5
Hyundai,Elite,"34,000",First,2019,Petrol,19.8,Manual,7.25
Honda,City,"5,316",UnRegistered,2022,Petrol,18,FWD,7.25
Mercedes-Benz,CLA,"27,000",Second,2016,Petrol,FWD,Turbocharged,19.5
Honda,City,"5,316",UnRegistered,2022,Petrol,18,FWD,19.5
Mercedes-Benz,CLA,"27,000",Second,2016,Petrol,FWD,Turbocharged,19.5
Honda,Jazz,"54,440",First,2016,Petrol,18.7,Manual,5
Maruti,Suzuki,"10,900",First,2020,Petrol,90,585,5
Mercedes-Benz,GLA,"24,655",First,2019,Petrol,FWD,BS,29.5
Audi,A4,"59,000",First,2014,Diesel,17.11,Automatic,16.5
Hyundai,Creta,"17,768",First,2019,Petrol,15.29,Manual,15
Maruti,Suzuki,"91,150",First,2018,CNG,22.74,Manual,3.75
Audi,A4,"82,000",First,2017,Diesel,FWD,BS,23.75
Audi,A4,"57,000",First,2015,Diesel,17.11,Automatic,18.25
Hyundai,i20,"12,325",First,2021,Petrol,20.3,FWD,8.4
Mercedes-Benz,AMG,"12,000",First,2021,Petrol,429,22,1.11
Maruti,Suzuki,"26,045",First,2016,Petrol,20.729999542236328,Manual,6.5
Hyundai,Creta,"40,000",First,2017,Diesel,17.01,Automatic,11.85
Skoda,Superb,"35,000",First,2013,Petrol,13.1,Automatic,6.75
Skoda,Superb,"35,000",First,2013,Petrol,13.1,Automatic,6.75
Audi,A4,"38,000",First,2013,Diesel,17.11,Automatic,16.5
Honda,City,"17,000",First,2018,Petrol,FWD,No,8.95
Volkswagen,Jetta,"57,000",First,2016,Diesel,16.96,Automatic,11.75
Volkswagen,Vento,"9,000",First,2020,Petrol,18.19,Automatic,11.25
Audi,TT,"12,500",First,2017,Petrol,AWD,Idle,59
Volkswagen,Passat,"82,878",First,2018,Diesel,17.42,Automatic,19.25
Honda,City,"61,000",First,2019,Petrol,18,Automatic,9.7
BMW,7,"23,000",First,2019,Diesel,11.1,Automatic,85
Maruti,Suzuki,"58,526",Second,2014,Petrol,17.4,Automatic,4.25
Hyundai,Creta,"86,334",First,2017,Petrol,15.29,Automatic,9.6
Maruti,Suzuki,"8,000",First,2019,Petrol,21.56,Manual,9.35
BMW,7,"23,000",First,2019,Diesel,11.1,Automatic,85
Maruti,Suzuki,"58,526",Second,2014,Petrol,17.4,Automatic,4.25
Hyundai,Creta,"86,334",First,2017,Petrol,15.29,Automatic,9.6
Maruti,Suzuki,"8,000",First,2019,Petrol,21.56,Manual,9.35
Honda,City,"62,000",First,2013,Petrol,15.6,Automatic,4.09
Hyundai,Grand,"42,775",First,2014,Petrol,19.77,Manual,3.99
Renault,Kwid,"2,824",First,2017,Petrol,23.01,Manual,3.49
Hyundai,Elite,"26,737",First,2017,Petrol,18.6,Manual,5.89
Honda,City,"83,297",First,2014,Petrol,FWD,No,4.75
Honda,Jazz,"18,262",First,2015,Petrol,18.7,Manual,5.21
Hyundai,Verna,"12,762",First,2016,Petrol,FWD,No,5.99
Honda,City,"44,308",First,2015,Petrol,FWD,No,6.89
Hyundai,Verna,"47,423",First,2013,Petrol,FWD,4370,4.79
Hyundai,Eon,"69,369",First,2016,Petrol,20.3,Manual,2.79
Ford,EcoSport,"36,473",First,2019,Petrol,18.9,Manual,8.49
Maruti,Suzuki,"66,176",First,2013,CNG,Manual,1475,3.19
Maruti,Suzuki,"73,519",First,2014,CNG,58,FWD,3.49
Hyundai,Elite,"16,452",First,2018,Petrol,19.8,Manual,6.5
Maruti,Suzuki,"53,788",First,2016,Petrol,20.4,Manual,5.25
BMW,5,"34,500",First,2020,Diesel,22.48,Automatic,49.5
Audi,Q3,"90,000",Second,2015,Diesel,15.17,Automatic,49.5
Land,Rover,"78,000",First,2013,Diesel,13.32,Automatic,24.9
Mercedes-Benz,S-Class,"18,000",First,2017,Diesel,13.32,Automatic,24.9
BMW,5,"61,000",First,2019,Diesel,22.48,Automatic,43
Audi,A3,"51,000",First,2017,Diesel,FWD,Turbocharged,21.9
MINI,Cooper,"32,000",Second,2014,Diesel,19.5,Automatic,16.9
BMW,5,"23,000",First,2020,Diesel,14.69,Automatic,59
BMW,X1,"27,000",First,2019,Diesel,4WD,BS,31.9
BMW,2,"8,000",First,2020,Diesel,188,18.64,39
BMW,5,"63,000",First,2016,Diesel,18.12,Automatic,27.25
Hyundai,Creta,"24,000",First,2019,Petrol,15.29,Automatic,14.65
Mercedes-Benz,CLA,"47,000",Second,2015,Petrol,FWD,Turbocharged,19.5
BMW,2,"8,000",First,2020,Diesel,188,18.64,39
BMW,5,"63,000",First,2016,Diesel,18.12,Automatic,27.25
Hyundai,Creta,"24,000",First,2019,Petrol,15.29,Automatic,14.65
Mercedes-Benz,CLA,"47,000",Second,2015,Petrol,FWD,Turbocharged,19.5
Audi,Q2,"9,700",First,2021,Petrol,188,15.3,39.99
Tata,Nexon,"58,000",First,2017,Diesel,23.97,Manual,8.4
Hyundai,Creta,"37,000",First,2018,Petrol,15.29,Automatic,11.5
Jeep,Compass,"19,500",First,2022,Petrol,FWD,BS,27.8
BMW,7,"2,500",First,2022,Diesel,262,17.6,1.55
Toyota,Innova,"77,000",First,2016,Diesel,14.29,Automatic,17.85
BMW,X1,"69,000",First,2013,Diesel,RWD,Turbocharged,10.5
Mercedes-Benz,CLA,"28,500",First,2019,Diesel,FWD,Turbocharged,31.5
Mercedes-Benz,V-Class,"9,500",First,2019,Diesel,Automatic,Turbocharged,78
BMW,X1,"17,000",First,2022,Diesel,RWD,Turbocharged,46
Land,Rover,"84,000",Second,2015,Diesel,AWD,Turbocharged,1.1
Mercedes-Benz,C-Class,"45,000",First,2016,Diesel,19.27,Automatic,27.5
BMW,X1,"57,000",Second,2017,Diesel,FWD,BS,19.9
Mahindra,XUV500,"79,500",First,2012,Diesel,15.1,Manual,5.95
Maruti,Suzuki,"24,241",First,2020,CNG,24.59,Manual,11.25
Mercedes-Benz,S-Class,"58,000",First,2015,Petrol,Automatic,Idle,54
Maruti,Suzuki,"24,241",First,2020,CNG,24.59,Manual,11.25
Ford,Endeavour,"58,200",First,2018,Diesel,10.91,Automatic,33.75
Hyundai,Creta,"54,000",First,2019,Diesel,17.01,Automatic,15
Mercedes-Benz,S-Class,"58,000",First,2015,Petrol,Automatic,Idle,54
Hyundai,Elite,"12,000",First,2018,Petrol,19.8,Manual,7.3
BMW,3,"42,000",First,2018,Diesel,RWD,Turbocharged,39.5
Audi,A6,"61,000",Second,2016,Petrol,Automatic,Idle,20.99
BMW,X1,"17,000",First,2022,Diesel,RWD,Turbocharged,46
Mercedes-Benz,V-Class,"9,500",First,2019,Diesel,Automatic,Turbocharged,78
Mercedes-Benz,CLA,"55,000",Second,2015,Diesel,FWD,Turbocharged,20.75
Hyundai,i20,"11,000",First,2020,Petrol,20.2,FWD,10.5
Mercedes-Benz,CLA,"61,000",Second,2016,Petrol,FWD,Turbocharged,21.25
Mahindra,Scorpio,"1,800",First,2022,Diesel,15,RWD,18.5
Mercedes-Benz,CLA,"28,500",First,2019,Diesel,FWD,Turbocharged,31.5
Mahindra,XUV500,"79,500",First,2012,Diesel,15.1,Manual,5.95
Land,Rover,"18,000",First,2020,Diesel,15.6,Automatic,69.95
Jeep,Compass,"23,526",First,2018,Petrol,FWD,BS,16.75
Honda,All,"5,563",First,2022,Petrol,18.4,FWD,16.35
Tata,Safari,"11,000",First,2022,Diesel,350,704,25
Jeep,Compass,"9,000",First,2018,Petrol,FWD,BS,16.9
Hyundai,Creta,"23,400",First,2021,Diesel,19,FWD,19.81
Hyundai,i20,"11,000",First,2020,Petrol,20.2,FWD,10.5
Jeep,Compass,"9,000",First,2018,Petrol,FWD,BS,16.9
Tata,Safari,"11,000",First,2022,Diesel,350,704,25
Hyundai,Creta,"23,400",First,2021,Diesel,19,FWD,19.81
Mahindra,Thar,"12,000",First,2021,Diesel,4WD,BS,17.75
BMW,3,"12,500",First,2021,Diesel,22.69,Automatic,49.99
Tata,Safari,"8,200",First,2022,Diesel,350,807,23.23
Tata,Harrier,"25,000",First,2020,Diesel,14.63,FWD,22.49
Honda,City,"5,200",First,2021,Petrol,18,FWD,15.49
Volvo,V40,"68,000",Second,2017,Diesel,FWD,Turbocharged,20.5
Hyundai,i10,"46,000",Second,2012,Petrol,16.95,Automatic,3.15
Ford,Endeavour,"82,000",First,2016,Diesel,10.91,Automatic,24.75
Tata,Nexon,"8,000",First,2020,Electric,127,FWD,15.11
Mercedes-Benz,GLE,"66,000",First,2017,Diesel,Automatic,Turbocharged,49
Maruti,Suzuki,"37,500",First,2020,Petrol,17,FWD,49
Toyota,Fortuner,"16,000",First,2022,Diesel,14.2,AWD,54.25
Hyundai,Creta,"58,000",First,2018,Petrol,15.29,Automatic,12.75
Volkswagen,Vento,"18,500",First,2017,Petrol,18.19,Automatic,8.2
MG,Gloster,"6,800",First,2022,Diesel,12,4WD,8.2
Toyota,Corolla,"1,05,000",Second,2012,Diesel,21.45,Manual,8.2
Mercedes-Benz,E-Class,"19,364",First,2020,Diesel,RWD,Turbocharged,71.49
Audi,R8,"16,500",First,2012,Petrol,4.8,4431,68.95
Toyota,Fortuner,"51,000",First,2018,Diesel,12.9,Automatic,32.9
Kia,Seltos,"22,000",First,2020,Diesel,18,Automatic,32.9
Kia,Seltos,"22,000",First,2020,Diesel,18,Automatic,32.9
Maruti,Suzuki,"47,000",First,2017,Petrol,19.12,Automatic,7.25
Toyota,Fortuner,"52,000",First,2017,Diesel,12.9,Automatic,30.9
Hyundai,Grand,"30,500",First,2018,Petrol,19.77,Manual,5.3
Hyundai,Creta,"58,000",First,2018,Petrol,15.29,Automatic,12.75
Audi,R8,"16,500",First,2012,Petrol,4.8,4431,68.95
Toyota,Fortuner,"51,000",First,2018,Diesel,12.9,Automatic,32.9
Mahindra,Quanto,"84,500",Third,2014,Diesel,17.1,Manual,3.2
Honda,Amaze,"49,000",First,2015,Petrol,18.1,Automatic,5.4
Maruti,Suzuki,"13,000",First,2018,Petrol,22.5,AMT,5.4
Volvo,V40,"5,500",First,2016,Diesel,16.81,Automatic,22
Volkswagen,Vento,"18,500",First,2017,Petrol,18.19,Automatic,8.2
Audi,Q3,"69,500",First,2012,Diesel,15.77,Automatic,13.9
Audi,A4,"48,000",First,2015,Diesel,15.77,Automatic,13.9
Mercedes-Benz,CLA,"37,000",First,2018,Petrol,FWD,Turbocharged,27
Tata,Nexon,"35,070",First,2020,Electric,127,FWD,14.5
Honda,City,"38,397",First,2015,Petrol,FWD,No,7.5
Mercedes-Benz,GLC,"14,550",First,2020,Diesel,AWD,BS,68.5
Toyota,Innova,"78,940",First,2016,Diesel,14.29,Automatic,19.5
Hyundai,Creta,"9,087",First,2020,Petrol,17,FWD,19.25
Volkswagen,Tiguan,"25,538",First,2021,Petrol,10.87,4WD,33.25
Mercedes-Benz,GLC,"14,550",First,2020,Diesel,AWD,BS,68.5
Toyota,Innova,"78,940",First,2016,Diesel,14.29,Automatic,19.5
Hyundai,Creta,"9,087",First,2020,Petrol,17,FWD,19.25
Volkswagen,Tiguan,"25,538",First,2021,Petrol,10.87,4WD,33.25
Kia,Seltos,"43,943",First,2020,Petrol,16.5,FWD,18.75
Toyota,Innova,"59,599",Second,2017,Petrol,10.75,Automatic,17.5
Honda,City,"17,911",Second,2019,Petrol,17.4,Manual,9.95
Mahindra,XUV700,"4,379",First,2022,Petrol,FWD,BS,17.5
Mercedes-Benz,E-Class,"41,829",Second,2013,Diesel,14.2,Automatic,19.5
Maruti,Suzuki,"22,545",First,2020,Petrol,18.4,FWD,11.25
Mercedes-Benz,S-Class,"43,000",First,2017,Diesel,Automatic,Idle,68
Mercedes-Benz,E-Class,"70,427",First,2015,Diesel,14.2,Automatic,23.5
Ford,Endeavour,"30,800",First,2019,Diesel,12.62,Automatic,31.9
Honda,CR-V,"47,900",First,2017,Petrol,13.7,Automatic,14.45
Audi,Q7,"44,000",First,2020,Diesel,14.75,Automatic,14.45
Audi,Q5,"33,000",First,2020,Diesel,12.8,Automatic,48.48
Honda,City,"48,000",First,2017,Petrol,18,Automatic,9.25
Skoda,Rapid,"65,000",Third,2013,Petrol,14.3,Automatic,3.51
Renault,Triber,"19,000",First,2021,Petrol,20,Manual,7.65
Honda,City,"41,000",First,2016,Petrol,FWD,No,7.45
Hyundai,Creta,"41,000",First,2017,Petrol,15.29,Automatic,11.21
Hyundai,i20,"69,000",First,2012,Petrol,15.29,Automatic,11.21
Maruti,Suzuki,"47,000",First,2015,Petrol,20.729999542236328,Manual,5.99
Hyundai,Creta,"41,000",First,2017,Petrol,15.29,Automatic,11.21
Hyundai,i20,"69,000",First,2012,Petrol,15.29,Automatic,11.21
Maruti,Suzuki,"47,000",First,2015,Petrol,20.729999542236328,Manual,5.99
Hyundai,Xcent,"56,000",First,2018,Petrol,19.1,Manual,5.4
Audi,Q5,"33,400",First,2020,Diesel,12.37,Automatic,48.5
BMW,3,"7,800",First,2021,Petrol,16.05,Automatic,54.95
Mercedes-Benz,E-Class,"43,000",Second,2013,Diesel,14.2,Automatic,17.9
Hyundai,Elite,"68,000",First,2015,Petrol,18.6,Manual,5.25
Ford,EcoSport,"43,000",First,2019,Petrol,14.8,Automatic,9.45
Audi,A4,"35,000",First,2015,Petrol,18.78,Automatic,17.25
Mercedes-Benz,C-Class,"64,000",Second,2014,Petrol,14.74,Automatic,9.85
Toyota,Fortuner,"1,62,000",Second,2013,Diesel,11.9,Manual,13.25
Tata,Harrier,"14,000",First,2021,Diesel,14.6,FWD,22.9
Renault,Triber,"5,000",First,2020,Petrol,20,Manual,6.45
Jaguar,XJ,"66,000",First,2015,Diesel,12.9,Automatic,42.5
Skoda,Superb,"58,000",First,2016,Petrol,14.81,Automatic,16.75
Maruti,Suzuki,"19,000",First,2021,CNG,24.59,Manual,11.75
Renault,Kwid,"12,000",First,2021,Petrol,25,FWD,11.75
Kia,Seltos,"32,000",First,2020,Diesel,18,Automatic,11.75
Maruti,Suzuki,"57,000",First,2017,Petrol,21.4,Manual,4.99
Maruti,Suzuki,"89,000",First,2017,Diesel,28.09,Manual,7.49
Mercedes-Benz,E-Class,"43,000",Second,2013,Diesel,14.2,Automatic,17.9
Maruti,Suzuki,"19,000",First,2021,CNG,24.59,Manual,11.75
Kia,Seltos,"32,000",First,2020,Diesel,18,Automatic,11.75
Renault,Kwid,"12,000",First,2021,Petrol,25,FWD,11.75
Hyundai,Elite,"68,000",First,2015,Petrol,18.6,Manual,5.25
Toyota,Fortuner,"1,62,000",Second,2013,Diesel,11.9,Manual,13.25
BMW,3,"25,438",First,2015,Diesel,18.88,Automatic,22.5
Mercedes-Benz,CLA,"8,500",First,2019,Petrol,FWD,Turbocharged,31.99
Maruti,Suzuki,"40,000",First,2018,Diesel,24.29,AMT,9.4
Hyundai,Verna,"35,200",First,2017,Petrol,FWD,BS,9.1
Mercedes-Benz,GLA,"55,000",Second,2016,Diesel,FWD,Turbocharged,21.45
Land,Rover,"1,46,500",First,2013,Diesel,AWD,4838,34.5
BMW,5,"87,000",First,2012,Diesel,18.48,Automatic,12.49
Honda,CR-V,"74,000",First,2015,Petrol,18.48,Automatic,12.49
Toyota,Innova,"46,000",First,2015,Diesel,RWD,Turbocharged,10.75
BMW,6,"51,000",First,2013,Diesel,18.18,Automatic,27.27
Toyota,Yaris,"25,300",First,2019,Petrol,17.8,Automatic,9.41
Jeep,Compass,"55,000",First,2018,Petrol,FWD,BS,13.99
Tata,Safari,"13,000",First,2021,Diesel,350,807,19.35
MG,Hector,"15,000",First,2020,Petrol,13.96,BS,17.5
Toyota,Yaris,"25,300",First,2019,Petrol,17.8,Automatic,9.41
Jeep,Compass,"55,000",First,2018,Petrol,FWD,BS,13.99
Tata,Safari,"13,000",First,2021,Diesel,350,807,19.35
MG,Hector,"15,000",First,2020,Petrol,13.96,BS,17.5
Hyundai,Creta,"19,000",First,2020,Petrol,17,FWD,18.81
Mahindra,XUV500,"80,281",First,2018,Diesel,15.1,Automatic,16.5
Toyota,Urban,"15,081",First,2020,Petrol,18.7,FWD,11.25
Volkswagen,Polo,"54,122",First,2015,Petrol,16.47,Manual,4.75
Hyundai,Creta,"46,575",First,2017,Diesel,21.38,Manual,9.5
Mercedes-Benz,B-Class,"34,929",First,2013,Petrol,14.8,Automatic,11.95
Kia,Seltos,"9,237",First,2021,Petrol,16.1,FWD,11.95
Toyota,Innova,"11,167",First,2022,Diesel,15.6,RWD,27.75
Honda,Amaze,"33,771",First,2015,Petrol,17.8,Manual,4.65
Maruti,Suzuki,"30,274",First,2015,CNG,22.8,Manual,7.25
BMW,X5,"6,500",First,2021,Diesel,262,13.3,1.05
Mahindra,XUV500,"43,000",First,2018,Diesel,15.1,Automatic,16.4
MG,Hector,"23,800",First,2019,Petrol,13.96,BS,16.25
Maruti,Suzuki,"62,397",First,2014,Petrol,19.12,Automatic,5.95
Mercedes-Benz,GLC,"43,582",First,2019,Diesel,AWD,BS,47.75
Volkswagen,Vento,"45,000",First,2016,Petrol,18.19,Automatic,7.25
Hyundai,i10,"63,000",First,2013,Petrol,20.63,Manual,3.15
Renault,Kwid,"23,000",First,2019,Petrol,23.01,Manual,4.35
Honda,City,"36,000",First,2018,Petrol,FWD,No,8.75
Volkswagen,Vento,"45,000",First,2016,Petrol,18.19,Automatic,7.25
Renault,Kwid,"23,000",First,2019,Petrol,23.01,Manual,4.35
Hyundai,i10,"63,000",First,2013,Petrol,20.63,Manual,3.15
Volkswagen,Vento,"53,000",First,2016,Petrol,18.19,Automatic,6.51
Honda,City,"33,000",First,2017,Petrol,18,Automatic,8.55
Hyundai,i20,"45,000",First,2014,Petrol,18.15,Manual,3.75
Toyota,Fortuner,"88,000",First,2016,Diesel,12.9,Automatic,28.5
Skoda,Octavia,"28,000",First,2018,Petrol,15.1,Automatic,20.5
Hyundai,Santro,"43,000",First,2019,CNG,30.48,Manual,5.45
Maruti,Suzuki,"11,000",First,2020,Petrol,21.7,FWD,5.45
Mahindra,XUV500,"56,000",First,2018,Diesel,15.1,Automatic,15.9
Hyundai,i20,"68,000",First,2018,Petrol,17.19,Manual,6.89
Honda,Amaze,"54,000",First,2014,Petrol,15.5,Automatic,4.65
Renault,Triber,"8,000",First,2021,Petrol,20,Manual,7.65
Jeep,Compass,"11,000",First,2020,Diesel,16.3,AWD,25.95
Renault,Kwid,"13,000",First,2020,Petrol,25,FWD,25.95
Volkswagen,Polo,"37,000",First,2014,Petrol,16.47,Manual,3.85
Skoda,Rapid,"31,000",First,2018,Petrol,14.84,Automatic,8.75
Mercedes-Benz,C-Class,"44,000",First,2013,Diesel,14.83,Automatic,13.85
Honda,City,"36,000",First,2018,Petrol,FWD,No,8.75
Mahindra,TUV300,"61,000",First,2017,Diesel,18.49,Manual,7.25
Honda,City,"33,000",First,2017,Petrol,18,Automatic,8.55
Volkswagen,Vento,"53,000",First,2016,Petrol,18.19,Automatic,6.51
Skoda,Octavia,"28,000",First,2018,Petrol,15.1,Automatic,20.5
Skoda,Rapid,"31,000",First,2018,Petrol,14.84,Automatic,8.75
Honda,City,"85,000",First,2014,Diesel,FWD,Turbocharged,5.75
Renault,Kwid,"20,000",First,2020,Petrol,23.01,Manual,4.75
Mahindra,Thar,"5,111",First,2020,Petrol,4WD,BS,16.3
Mahindra,TUV300,"61,000",First,2017,Diesel,18.49,Manual,7.25
Renault,Kwid,"32,000",First,2020,Petrol,24.04,AMT,5.45
Hyundai,i20,"45,000",First,2014,Petrol,18.15,Manual,3.75
Hyundai,i20,"68,000",First,2018,Petrol,17.19,Manual,6.89
Hyundai,Santro,"43,000",First,2019,CNG,30.48,Manual,5.45
Maruti,Suzuki,"11,000",First,2020,Petrol,21.7,FWD,5.45
Mahindra,XUV500,"56,000",First,2018,Diesel,15.1,Automatic,15.9
Toyota,Fortuner,"88,000",First,2016,Diesel,12.9,Automatic,28.5
Volkswagen,Polo,"65,000",First,2016,Petrol,17.21,Automatic,6.25
Maruti,Suzuki,"49,000",First,2012,Petrol,17.21,Automatic,6.25
Toyota,Fortuner,"16,500",First,2021,Diesel,500,1152,48.5
Hyundai,Creta,"45,000",First,2016,Petrol,15.29,Manual,9.11
Mahindra,XUV500,"87,000",First,2016,Diesel,16,Manual,9.75
Volkswagen,Vento,"53,000",First,2016,Petrol,18.19,Automatic,6.51
Toyota,Fortuner,"88,000",First,2016,Diesel,12.9,Automatic,28.5
Skoda,Octavia,"28,000",First,2018,Petrol,15.1,Automatic,20.5
Renault,Kwid,"20,000",First,2020,Petrol,23.01,Manual,4.75
Mahindra,Thar,"5,111",First,2020,Petrol,4WD,BS,16.3
Mahindra,TUV300,"61,000",First,2017,Diesel,18.49,Manual,7.25
Renault,Kwid,"32,000",First,2020,Petrol,24.04,AMT,5.45
Maruti,Suzuki,"12,000",First,2016,Petrol,20.51,Automatic,4.25
Skoda,Rapid,"31,000",First,2018,Petrol,14.84,Automatic,8.75
Volkswagen,Polo,"37,000",First,2014,Petrol,16.47,Manual,3.85
Toyota,Urban,"27,000",First,2020,Petrol,17,FWD,9.49
Maruti,Suzuki,"79,000",First,2016,Diesel,27.62,Manual,4.25
Maruti,Suzuki,"68,000",First,2018,CNG,58,FWD,4.85
Honda,Jazz,"27,000",First,2017,Petrol,19,Automatic,6.51
Hyundai,Verna,"37,000",First,2015,Petrol,FWD,No,5.85
Volkswagen,Vento,"67,000",First,2015,Diesel,21.21,Automatic,6.45
Maruti,Suzuki,"79,000",First,2019,Diesel,28.4,Manual,7.49
Ford,EcoSport,"32,000",First,2020,Diesel,23,Manual,9.39
Volkswagen,Polo,"65,000",First,2016,Petrol,17.21,Automatic,6.25
Volkswagen,Polo,"65,000",First,2016,Petrol,17.21,Automatic,6.25
Hyundai,Elite,"20,000",First,2017,Petrol,18.6,Manual,5.91
Mahindra,XUV500,"87,000",First,2016,Diesel,16,Manual,9.75
Maruti,Suzuki,"49,000",First,2012,Petrol,16,Manual,9.75
Hyundai,Creta,"45,000",First,2016,Petrol,15.29,Manual,9.11
Honda,Jazz,"27,000",First,2017,Petrol,19,Automatic,6.51
BMW,7,"28,000",First,2017,Diesel,11.1,Automatic,68.95
Honda,Mobilio,"47,800",First,2015,Petrol,17.3,Manual,5.75
Hyundai,Elantra,"55,000",Second,2014,Petrol,16.3,Manual,5.31
Skoda,Superb,"27,500",First,2015,Petrol,13.1,Automatic,9.49
Hyundai,Creta,"48,000",First,2016,Petrol,15.29,Automatic,10.25
Maruti,Suzuki,"44,000",Second,2015,Petrol,19.12,Automatic,6.25
Hyundai,Creta,"12,000",First,2018,Petrol,15.29,Manual,11.75
Kia,Sonet,"18,000",First,2020,Diesel,24.1,FWD,11.75
Mahindra,XUV500,"63,000",First,2018,Diesel,16,Manual,13.35
MG,Astor,"22,000",First,2021,Petrol,220,Automatic,17.75
Kia,Seltos,"14,000",First,2020,Petrol,16.5,Automatic,17.75
Kia,Seltos,"17,000",First,2020,Diesel,18,Automatic,17.75
BMW,6,"31,000",First,2018,Diesel,RWD,BS,59.5
BMW,7,"31,000",First,2018,Diesel,16.77,Automatic,59.5
Kia,Seltos,"14,000",First,2020,Petrol,16.5,Automatic,59.5
Kia,Seltos,"17,000",First,2020,Diesel,18,Automatic,59.5
BMW,6,"31,000",First,2018,Diesel,RWD,BS,59.5
BMW,7,"31,000",First,2018,Diesel,16.77,Automatic,59.5
Toyota,Innova,"1,01,556",First,2018,Diesel,14.29,Automatic,19.5
Maruti,Suzuki,"44,663",First,2017,CNG,58,FWD,4.75
Maruti,Suzuki,"5,303",First,2016,CNG,58,FWD,4.75
Maruti,Suzuki,"25,198",First,2019,Petrol,20.52,FWD,4.75
Hyundai,Grand,"44,288",First,2015,Petrol,16.95,Automatic,5.25
Skoda,Superb,"67,000",Second,2014,Petrol,13.1,Automatic,7.7
Skoda,Octavia,"48,500",First,2016,Diesel,19.3,Automatic,11.95
Maruti,Suzuki,"24,000",First,2019,Diesel,28.4,Manual,8.99
Renault,Duster,"59,000",First,2015,Diesel,20.45,Manual,6.29
MG,Hector,"27,000",First,2020,Petrol,13.96,BS,17.29
BMW,5,"60,224",First,2012,Diesel,17.24,Automatic,15.75
Mercedes-Benz,C-Class,"67,000",Second,2015,Diesel,19.27,Automatic,22.99
Mercedes-Benz,CLA,"57,000",First,2017,Petrol,FWD,Turbocharged,22.99
Mercedes-Benz,M-Class,"64,000",Second,2013,Diesel,AWD,Turbocharged,22.49
Honda,Brio,"39,000",First,2014,Petrol,19.4,Manual,3.51
Hyundai,Elite,"56,000",First,2014,Petrol,18.6,Manual,5.45
Toyota,Urban,"33,000",First,2020,Petrol,17,FWD,9.2
BMW,X1,"55,000",First,2017,Diesel,FWD,BS,22.51
Toyota,Innova,"61,900",Second,2019,Diesel,14.29,Automatic,18.99
Maruti,Suzuki,"41,000",First,2018,CNG,24.59,Manual,8.75
BMW,5,"60,224",First,2012,Diesel,17.24,Automatic,15.75
Maruti,Suzuki,"78,000",First,2017,Diesel,27.39,Manual,7.29
Toyota,Yaris,"23,000",First,2018,Petrol,17.1,Manual,7.89
Skoda,Octavia,"56,300",First,2018,Petrol,15.1,Automatic,16.99
Hyundai,Elite,"46,000",First,2016,Petrol,18.6,Manual,5.3
Mahindra,Thar,"9,000",First,2022,Diesel,4WD,BS,18.75
Mercedes-Benz,M-Class,"64,000",Second,2013,Diesel,AWD,Turbocharged,22.49
Mercedes-Benz,C-Class,"67,000",Second,2015,Diesel,19.27,Automatic,22.99
Mercedes-Benz,CLA,"57,000",First,2017,Petrol,FWD,Turbocharged,22.99
MG,Hector,"27,000",First,2020,Petrol,13.96,BS,17.29
Toyota,Land,"90,000",First,2020,Diesel,AWD,Turbocharged,91
Honda,Amaze,"52,000",First,2015,Petrol,17.8,Manual,4.65
BMW,X3,"27,120",First,2017,Diesel,16.09,Automatic,33.99
Tata,Harrier,"28,000",First,2020,Diesel,16.3,FWD,16.75
Toyota,Corolla,"99,000",First,2012,Petrol,15.23,Manual,3.69
Maruti,Suzuki,"24,000",First,2019,Diesel,28.4,Manual,8.99
MG,Hector,"27,000",First,2020,Petrol,13.96,BS,17.29
BMW,X3,"27,120",First,2017,Diesel,16.09,Automatic,33.99
Hyundai,Elite,"46,000",First,2016,Petrol,18.6,Manual,5.3
Skoda,Octavia,"56,300",First,2018,Petrol,15.1,Automatic,16.99
Mahindra,Thar,"9,000",First,2022,Diesel,4WD,BS,18.75
Toyota,Land,"90,000",First,2020,Diesel,AWD,Turbocharged,91
Maruti,Suzuki,"50,000",First,2012,Petrol,15,3539,2.95
Mercedes-Benz,GLA,"98,000",Second,2018,Diesel,FWD,BS,24.25
Renault,Duster,"59,000",First,2015,Diesel,20.45,Manual,6.29
Maruti,Suzuki,"49,000",First,2019,CNG,31.79,Manual,5.19
Honda,Jazz,"47,000",First,2016,Petrol,19,Automatic,4.99
Honda,Jazz,"42,000",Second,2016,Petrol,19,Automatic,5.85
Toyota,Innova,"1,10,000",First,2016,Diesel,14.29,Automatic,15.99
Honda,Amaze,"52,000",First,2015,Petrol,17.8,Manual,4.65
Honda,Jazz,"42,000",Second,2016,Petrol,19,Automatic,5.85
Toyota,Innova,"1,10,000",First,2016,Diesel,14.29,Automatic,15.99
Maruti,Suzuki,"50,000",First,2012,Petrol,15,3539,2.95
Maruti,Suzuki,"32,000",First,2017,Petrol,19.12,Automatic,7.75
Maruti,Suzuki,"48,000",First,2015,Petrol,20.729999542236328,Manual,5.75
Skoda,Octavia,"4,000",First,2021,Petrol,320,791,28.85
Volkswagen,Tiguan,"58,000",First,2019,Diesel,16.65,Automatic,26.75
Mercedes-Benz,M-Class,"68,000",Second,2013,Diesel,AWD,Turbocharged,22.75
Honda,City,"12,000",First,2020,Petrol,18,Automatic,12.65
Mercedes-Benz,C-Class,"55,000",Second,2014,Diesel,14.83,Automatic,12.75
Hyundai,Creta,"46,686",First,2016,Petrol,15.29,Manual,7.85
Jaguar,XE,"42,099",First,2017,Petrol,13.06,Automatic,24.25
Audi,Q7,"52,000",First,2015,Diesel,12.07,Automatic,29.25
Honda,City,"22,000",First,2020,Petrol,18,FWD,15.5
Maruti,Suzuki,"51,403",First,2016,Petrol,19.12,Automatic,7.45
Maruti,Suzuki,"47,879",Second,2016,Petrol,19.12,Automatic,6.75
BMW,3,"63,000",First,2018,Petrol,16.05,Automatic,25.5
BMW,X3,"50,000",First,2017,Diesel,18.56,Automatic,31.5
Toyota,Etios,"34,000",First,2014,Petrol,FWD,3775,3.4
Maruti,Suzuki,"63,000",First,2015,Diesel,22.9,Manual,5.4
Mercedes-Benz,A-Class,"78,000",Third,2014,Diesel,20.06,Automatic,9.75
BMW,X3,"50,000",First,2017,Diesel,18.56,Automatic,31.5
Toyota,Etios,"34,000",First,2014,Petrol,FWD,3775,3.4
Maruti,Suzuki,"63,000",First,2015,Diesel,22.9,Manual,5.4
Hyundai,Creta,"35,200",Second,2017,Petrol + CNG,15.29,Automatic,9.3
Toyota,Innova,"59,000",First,2019,Diesel,14.29,Automatic,19.5
Volkswagen,Taigun,"3,265",First,2022,Petrol,178,861,16.25
Hyundai,Creta,"76,000",First,2016,Diesel,17.01,Automatic,10.85
Mercedes-Benz,C-Class,"19,000",First,2017,Petrol,14.74,Automatic,27.75
Audi,A3,"53,000",First,2015,Diesel,FWD,Turbocharged,13
Volkswagen,Polo,"35,000",First,2016,Petrol,16.47,Manual,5.55
Audi,Q7,"70,000",First,2017,Diesel,14.75,Automatic,5.55
MG,Hector,"39,000",First,2019,Petrol,13.96,BS,15.95
Mahindra,Thar,"42,000",First,2014,Diesel,13.28,4WD,6.75
Mercedes-Benz,GL,"1,08,000",Second,2012,Diesel,Automatic,1920,21.95
Maruti,Suzuki,"23,593",First,2018,Petrol,20.73,Manual,7.9
Volkswagen,Vento,"23,800",First,2020,Petrol,16.3,FWD,10.75
Ford,Endeavour,"56,996",First,2020,Diesel,12.4,4WD,36.5
Ford,EcoSport,"59,000",First,2017,Diesel,22.27,Manual,7.39
Maruti,Suzuki,"54,000",First,2018,CNG,58,FWD,5
Hyundai,Venue,"44,216",First,2019,Petrol,FWD,BS,7.99
Maruti,Suzuki,"28,000",First,2019,Petrol,19.01,FWD,7.99
Maruti,Suzuki,"69,000",First,2014,LPG,58,FWD,3.85
Maruti,Suzuki,"23,593",First,2018,Petrol,20.73,Manual,7.9
MG,Hector,"39,000",First,2019,Petrol,13.96,BS,15.95
Mahindra,Thar,"42,000",First,2014,Diesel,13.28,4WD,6.75
Mercedes-Benz,GL,"1,08,000",Second,2012,Diesel,Automatic,1920,21.95
Audi,A3,"53,000",First,2015,Diesel,FWD,Turbocharged,13
Volkswagen,Vento,"23,800",First,2020,Petrol,16.3,FWD,10.75
Ford,Endeavour,"56,996",First,2020,Diesel,12.4,4WD,36.5
Ford,EcoSport,"59,000",First,2017,Diesel,22.27,Manual,7.39
Tata,Nexon,"24,900",First,2020,Petrol,16.3,FWD,11.49
Maruti,Suzuki,"28,000",First,2019,Petrol,19.01,FWD,11.49
Maruti,Suzuki,"69,000",First,2014,LPG,58,FWD,3.85
Mercedes-Benz,CLA,"23,000",First,2016,Diesel,FWD,Turbocharged,22.5
Hyundai,Venue,"44,216",First,2019,Petrol,FWD,BS,7.99
Honda,Jazz,"55,000",First,2015,Petrol,18.7,Manual,4.49
Mahindra,Thar,"12,000",First,2021,Petrol,4WD,BS,16.9
Hyundai,Creta,"32,000",First,2017,Petrol,15.29,Automatic,10.75
Mercedes-Benz,E-Class,"9,100",First,2021,Diesel,12.06,Automatic,79.85
Hyundai,Creta,"35,200",Second,2017,Petrol + CNG,15.29,Automatic,9.3
Skoda,Rapid,"47,018",First,2013,Petrol,FWD,4386,4.11
Maruti,Suzuki,"54,000",First,2018,CNG,58,FWD,5
Maruti,Suzuki,"20,000",First,2020,Petrol,21.4,Manual,7.49
Skoda,Rapid,"47,018",First,2013,Petrol,FWD,4386,4.11
Maruti,Suzuki,"54,000",First,2018,CNG,58,FWD,5
Maruti,Suzuki,"20,000",First,2020,Petrol,21.4,Manual,7.49
Maruti,Suzuki,"50,000",First,2018,Petrol,19.12,Automatic,7.19
Toyota,Corolla,"10,48,000",First,2015,Petrol,16.7,Automatic,8.49
Renault,Duster,"61,000",First,2013,Diesel,19.01,Manual,4.49
Mahindra,XUV500,"58,000",First,2018,Diesel,15.1,Automatic,13.5
Volkswagen,Polo,"85,000",First,2016,Petrol,17.21,Automatic,5.49
Hyundai,i10,"28,000",First,2016,Petrol,20.63,Manual,3.95
Maruti,Suzuki,"9,000",First,2020,Petrol,20.5,AMT,6.35
Mercedes-Benz,E-Class,"43,000",Second,2013,Diesel,14.2,Automatic,17.5
BMW,5,"54,000",Second,2015,Diesel,18.12,Automatic,23.5
Land,Rover,"1,45,000",First,2016,Diesel,Automatic,Idle,31
Hyundai,Xcent,"41,600",First,2015,Petrol,16.1,Automatic,5.4
Volkswagen,Polo,"35,000",First,2016,Petrol,16.47,Manual,5.55
Maruti,Suzuki,"9,660",First,2017,Diesel,24.29,Manual,8.79
Renault,Duster,"56,000",First,2016,Petrol,13.05,Manual,5.5
Renault,Duster,"56,000",First,2016,Petrol,13.05,Manual,5.5
Skoda,Superb,"86,000",First,2013,Petrol,13.1,Automatic,6
Maruti,Suzuki,"9,000",First,2020,Petrol,20.5,AMT,6.35
Ford,EcoSport,"52,655",First,2016,Petrol,15.6,Automatic,6.25
Skoda,Rapid,"41,000",First,2017,Petrol,15,Manual,6.31
Skoda,Octavia,"50,300",First,2015,Petrol,14.7,Automatic,8.61
Hyundai,Creta,"39,600",Second,2017,Petrol,15.29,Automatic,9.95
Mercedes-Benz,E-Class,"43,000",Second,2013,Diesel,14.2,Automatic,17.5
BMW,5,"54,000",Second,2015,Diesel,18.12,Automatic,23.5
Land,Rover,"1,45,000",First,2016,Diesel,Automatic,Idle,31
Maruti,Suzuki,"18,000",First,2019,Diesel,28.4,Manual,7.25
Toyota,Innova,"48,000",First,2017,Diesel,15.1,Manual,16.7
Hyundai,Grand,"5,000",First,2021,Petrol,21,FWD,7.45
Hyundai,Creta,"25,000",First,2016,Petrol,15.29,Manual,7.85
Toyota,Urban,"14,000",First,2021,Petrol,18.7,FWD,10.9
Ford,EcoSport,"46,000",First,2017,Petrol,14.8,Automatic,6.7
Honda,Amaze,"46,000",First,2016,Petrol,18.1,Automatic,5.95
Hyundai,Creta,"45,000",First,2017,Diesel,17.01,Automatic,11.45
Mercedes-Benz,GLA,"32,000",First,2018,Diesel,4WD,BS,27.9
Hyundai,Creta,"36,000",First,2016,Petrol,15.29,Automatic,9.99
MG,Hector,"7,000",First,2021,Petrol,13.96,BS,18.99
Mercedes-Benz,CLA,"21,000",First,2018,Diesel,FWD,Turbocharged,28.9
Mercedes-Benz,GLA,"32,000",First,2018,Diesel,4WD,BS,27.9
Hyundai,Creta,"36,000",First,2016,Petrol,15.29,Automatic,9.99
MG,Hector,"7,000",First,2021,Petrol,13.96,BS,18.99
Mercedes-Benz,CLA,"21,000",First,2018,Diesel,FWD,Turbocharged,28.9
Mercedes-Benz,S-Class,"37,000",First,2017,Petrol,Automatic,Idle,1.11
Kia,Seltos,"11,001",First,2020,Petrol,16.5,FWD,17.99
Honda,Jazz,"53,740",First,2016,Petrol,18.7,Manual,4.84
Hyundai,Elite,"64,447",First,2014,Petrol,18.6,Manual,5.08
Maruti,Suzuki,"58,849",First,2014,Petrol,18.5,Manual,3.92
Mahindra,XUV300,"9,583",First,2021,Petrol,Manual,Turbocharged,9.89
Hyundai,Elite,"46,410",First,2017,Petrol,18.6,Manual,5.42
Maruti,Suzuki,"9,663",First,2021,CNG,31.5,Manual,4.13
Maruti,Suzuki,"63,300",First,2018,LPG,58,FWD,4.55
Tata,Harrier,"49,609",First,2019,Diesel,FWD,BS,14.85
Honda,Civic,"46,997",First,2020,Petrol,16.5,FWD,18.91
Hyundai,Elite,"29,302",Second,2017,Petrol,18.6,Manual,5.64
Toyota,Urban,"15,580",Second,2020,Petrol,18.76,FWD,10.85
Hyundai,Grand,"18,128",First,2019,Petrol,18.9,Manual,5.71
Volkswagen,Polo,"11,585",First,2019,Petrol,18.78,Manual,6.93
Hyundai,Grand,"54,002",First,2020,Petrol,21,FWD,6.62
Maruti,Suzuki,"47,183",First,2017,Petrol,20.4,Manual,4.96
Maruti,Suzuki,"40,723",First,2013,Petrol,18.5,Manual,3.74
Maruti,Suzuki,"9,668",First,2018,Petrol,20.89,FWD,5.35
Maruti,Suzuki,"46,138",First,2014,Petrol,23.1,Manual,3.6
Toyota,Urban,"15,580",Second,2020,Petrol,18.76,FWD,10.85
Hyundai,Grand,"18,128",First,2019,Petrol,18.9,Manual,5.71
Volkswagen,Polo,"11,585",First,2019,Petrol,18.78,Manual,6.93
Hyundai,Grand,"54,002",First,2020,Petrol,21,FWD,6.62
Maruti,Suzuki,"47,183",First,2017,Petrol,20.4,Manual,4.96
Maruti,Suzuki,"40,723",First,2013,Petrol,18.5,Manual,3.74
Maruti,Suzuki,"9,668",First,2018,Petrol,20.89,FWD,5.35
Maruti,Suzuki,"46,138",First,2014,Petrol,23.1,Manual,3.6
Hyundai,Creta,"32,524",Second,2016,Petrol,15.29,Automatic,9.59
Maruti,Suzuki,"45,011",First,2016,Petrol,19.12,Automatic,6.48
Volkswagen,Polo,"39,331",First,2016,Petrol,17.21,Automatic,6.53
Toyota,Corolla,"59,790",First,2016,Petrol,16.7,Automatic,8.74
Kia,Seltos,"49,226",First,2020,Petrol,16.5,Automatic,8.74
Toyota,Urban,"9,859",First,2020,Petrol,18.7,FWD,12.28
Honda,Amaze,"19,085",First,2018,Petrol,19,Automatic,8.15
Hyundai,Elite,"4,631",First,2019,Petrol,18.6,Manual,7.34
Hyundai,i10,"62,954",Second,2013,Petrol,20.63,Manual,3.02
Hyundai,Grand,"65,235",First,2017,Diesel,24.95,Manual,5.26
Hyundai,Santro,"22,099",First,2019,Petrol,FWD,BS,5.33
Hyundai,Elite,"60,902",Second,2017,Petrol,FWD,No,6.9
Maruti,Suzuki,"45,169",First,2019,Petrol,22.74,Manual,3.69
Maruti,Suzuki,"43,149",First,2013,Petrol,15,3539,2.83
Maruti,Suzuki,"18,099",Second,2018,Petrol,23.1,AMT,4.83
Maruti,Suzuki,"33,166",First,2013,Petrol,19.1,Manual,4.49
